datasetId,table_convertedR,table_confidence,vis_convertedR,vis_confidence,overall_convertedR,overall_confidence
datasetA_ranks_pearson,0.965013019235,"(0.92375712984218383, 0.98412904760714881)",0.956095120549,"(0.90483272722154451, 0.98003416203450611)",0.960801844318,"(0.93237184525277605, 0.97741989710516008)"
datasetB_ranks_pearson,0.9371219656,"(0.86523315011858626, 0.97125405237495188)",0.828837414927,"(0.65518362591561641, 0.91930087249602521)",0.895523859566,"(0.82399817378627793, 0.93895491999852931)"
datasetC_ranks_pearson,0.840597699315,"(0.67676656567229299, 0.92510012841455314)",0.908575297685,"(0.80729568938384932, 0.95786632579305131)",0.878977384012,"(0.79733492794874516, 0.92902933010802558)"
datasetD_ranks_pearson,0.614888700107,"(0.30648479594897737, 0.80646268936236309)",0.925166858851,"(0.8407334868846954, 0.96567353909522646)",0.82435197774,"(0.71151669663902772, 0.89574209901193325)"
datasetA_sliders_spearman,-0.976527070425,"(-0.98938608404861361, -0.9484924125738774)",-0.967871101313,"(-0.98543711677132362, -0.92986511220693757)",-0.972807148662,"(-0.98437610918403273, -0.95287520047382579)"
datasetB_sliders_spearman,-0.941723379367,"(-0.97339198966204665, -0.87475524765549784)",-0.800330285936,"(-0.90507843100837926, -0.60401671174434746)",-0.890905387623,"(-0.9361917320989801, -0.81652388837882184)"
datasetC_sliders_spearman,-0.805732235625,"(-0.90779162492191379, -0.61358986481316635)",-0.911684427399,"(-0.95933490404304411, -0.81351254925815375)",-0.868287229716,"(-0.92257818653878776, -0.78027645513506383)"
datasetD_sliders_spearman,-0.510527774223,"(-0.74584581555469098, -0.16192218687209445)",-0.89878606629,"(-0.95322554844720198, -0.78786734801231262)",-0.767680542546,"(-0.86034084357686647, -0.6259050167298239)"
